City,Cloudiness,Country,Date,Humidity,Lat,Lng,Max Temp,Windspeed
ostersund,90,SE,1612384661,85,63.1792,14.6357,8.01,5.14
ushuaia,75,AR,1612384506,54,-54.8,-68.3,53.6,18.41
tabuk,75,SA,1612384517,32,28.3833,36.5833,69.8,5.75
leningradskiy,65,RU,1612384661,84,69.3833,178.4167,-24.56,11.14
bairiki,20,KI,1612384662,83,1.3292,172.9752,80.6,10.36
hoquiam,75,US,1612384662,81,46.9809,-123.8893,48.0,1.48
atuona,1,PF,1612384662,72,-9.8,-139.0333,77.95,11.83
worcester,0,ZA,1612384662,55,-33.6465,19.4485,66.38,6.04
busselton,0,AU,1612384663,81,-33.65,115.3333,51.01,16.67
warrnambool,97,AU,1612384663,89,-38.3833,142.4833,57.99,5.01
ponta do sol,75,CV,1612384663,68,17.1994,-25.0919,71.6,26.46
east london,0,ZA,1612384663,81,-33.0153,27.9116,76.68,5.61
coihaique,0,CL,1612384663,27,-45.5752,-72.0662,87.8,5.75
rikitea,7,PF,1612384664,72,-23.1203,-134.9692,77.92,12.75
carnarvon,90,AU,1612384664,88,-24.8667,113.6333,77.0,20.71
bandrele,0,YT,1612384494,89,-12.9067,45.1914,78.8,4.61
torbay,90,CA,1612384526,100,47.6666,-52.7314,41.0,24.16
mount gambier,98,AU,1612384444,82,-37.8333,140.7667,59.0,8.05
cape town,20,ZA,1612384507,77,-33.9258,18.4232,69.01,17.27
ovalle,0,CL,1612384665,21,-30.5983,-71.2003,86.14,7.83
mount isa,32,AU,1612384665,78,-20.7333,139.5,78.8,9.22
tasiilaq,100,GL,1612384665,97,65.6145,-37.6368,27.59,28.66
barrow,1,US,1612384665,75,71.2906,-156.7887,-29.2,13.8
lodwar,9,KE,1612384666,37,3.1191,35.5973,81.07,9.24
bethel,90,US,1612384666,60,41.3712,-73.414,34.0,10.36
puerto palomas,1,MX,1612384666,18,31.7667,-107.6167,71.6,17.27
kuching,40,MY,1612384667,100,1.55,110.3333,75.2,4.61
faanui,0,PF,1612384667,71,-16.4833,-151.75,81.72,10.71
axim,54,GH,1612384667,83,4.8699,-2.2405,80.35,9.75
petatlan,20,MX,1612384667,79,17.5167,-101.2667,86.0,7.14
poplar bluff,1,US,1612384667,61,36.757,-90.3929,45.0,6.91
bredasdorp,0,ZA,1612384668,77,-34.5322,20.0403,60.8,2.82
vaini,75,TO,1612384668,89,-21.2,-175.2,80.6,2.3
new norfolk,75,AU,1612384668,88,-42.7826,147.0587,57.99,1.99
hermanus,2,ZA,1612384668,88,-34.4187,19.2345,63.0,4.56
caravelas,6,BR,1612384669,77,-17.7125,-39.2481,79.03,8.01
puerto escondido,0,MX,1612384669,58,15.85,-97.0667,83.32,7.27
yellowknife,90,CA,1612384669,69,62.456,-114.3525,-15.0,6.91
albany,90,AU,1612384669,55,-35.0169,117.8917,60.8,13.8
gwadar,0,PK,1612384670,35,25.1216,62.3254,67.84,14.92
kamenka,100,RU,1612384670,97,51.3223,42.7678,34.0,6.31
manzanillo,1,MX,1612384670,83,19.0501,-104.3188,80.6,11.5
north platte,1,US,1612384577,24,41.1239,-100.7654,66.2,6.91
puerto ayora,0,EC,1612384670,70,-0.7393,-90.3518,84.2,16.11
kodiak,1,US,1612384671,93,57.79,-152.4072,28.4,3.44
mahibadhoo,100,MV,1612384671,78,3.7833,72.9667,81.54,20.6
bluff,49,NZ,1612384671,67,-46.6,168.3333,53.26,15.37
lueta,89,RO,1612384672,83,46.2667,25.4833,37.0,1.66
port alfred,0,ZA,1612384672,93,-33.5906,26.891,69.01,1.99
shingu,0,JP,1612384672,82,33.7333,135.9833,35.96,5.82
hobart,90,AU,1612384651,94,-42.8794,147.3294,59.0,4.61
mitsamiouli,94,KM,1612384733,69,-11.3847,43.2844,82.9,4.32
mangalia,90,RO,1612384733,100,43.8,28.5833,42.01,14.97
chokurdakh,99,RU,1612384733,93,70.6333,147.9167,-1.95,9.33
sandpoint,75,US,1612384648,70,48.2766,-116.5533,41.0,6.91
inyonga,57,TZ,1612384734,86,-6.7167,32.0667,65.19,2.21
severo-kurilsk,100,RU,1612384734,93,50.6789,156.125,10.94,33.42
tuktoyaktuk,75,CA,1612384734,67,69.4541,-133.0374,-40.0,4.61
chapais,75,CA,1612384735,59,49.7834,-74.8492,28.4,13.8
chabahar,0,IR,1612384735,67,25.2919,60.643,67.75,3.09
shimoda,0,JP,1612384736,70,34.6667,138.95,34.0,3
gronau,100,DE,1612384736,93,52.2,7.0333,45.0,3
tiksi,47,RU,1612384736,84,71.6872,128.8694,-28.05,1.61
severo-yeniseyskiy,100,RU,1612384736,94,60.3725,93.0408,-1.8,2.19
butaritari,34,KI,1612384736,84,3.0707,172.7902,81.3,17.67
alto araguaia,100,BR,1612384737,69,-17.3147,-53.2153,82.67,4.32
dikson,100,RU,1612384737,91,73.5069,80.5464,-3.42,16.35
jiuquan,0,CN,1612384738,68,39.7432,98.5174,21.43,0.58
brae,40,GB,1612384626,60,60.3964,-1.353,35.6,10.36
aklavik,1,CA,1612384738,67,68.2191,-135.0107,-40.0,3.44
nhulunbuy,40,AU,1612384738,94,-12.2333,136.7667,77.0,4.61
limao,20,PH,1612384738,88,7.0792,125.6736,75.2,3.44
palmas de monte alto,99,BR,1612384739,60,-14.2672,-43.1619,81.5,1.88
palmer,75,US,1612384739,60,42.1584,-72.3287,35.01,12.66
nefteyugansk,0,RU,1612384445,92,61.0998,72.6035,8.6,8.95
punta arenas,75,CL,1612384739,59,-53.15,-70.9167,64.4,14.97
mingyue,51,CN,1612384740,79,43.1069,128.9217,-2.96,15.88
olga,0,RU,1612384741,84,43.7444,135.2892,-6.03,5.5
avarua,40,CK,1612384741,74,-21.2078,-159.775,84.2,9.22
soderhamn,93,SE,1612384503,63,61.3037,17.0592,12.99,1.99
hilo,1,US,1612384742,41,19.7297,-155.09,80.6,14.97
mahebourg,75,MU,1612384742,89,-20.4081,57.7,78.8,11.5
port macquarie,5,AU,1612384742,99,-31.4333,152.9167,66.99,1.01
rajpura,0,IN,1612384742,76,30.4831,76.595,52.38,6.78
arraial do cabo,0,BR,1612384742,74,-22.9661,-42.0278,84.2,25.32
monte alegre,46,BR,1612384743,45,-2.0078,-54.0692,89.85,8.72
saldanha,0,ZA,1612384743,82,-33.0117,17.9442,66.2,11.5
camocim,41,BR,1612384743,73,-2.9022,-40.8411,81.97,16.28
carsamba,0,TR,1612384743,81,41.1989,36.7219,50.0,3.44
kapaa,75,US,1612384744,88,22.0752,-159.319,68.0,8.05
nikolskoye,75,RU,1612384744,93,59.7035,30.7861,21.99,13.42
san patricio,1,MX,1612384744,83,19.2167,-104.7,80.6,11.5
hovd,99,MN,1612384744,84,48.0056,91.6419,12.16,3.04
port elizabeth,75,ZA,1612384745,94,-33.918,25.5701,68.0,9.22
khatanga,99,RU,1612384745,92,71.9667,102.5,-5.1,9.19
jamestown,21,SH,1612384745,87,-15.9387,-5.7168,68.07,14.36
touros,20,BR,1612384745,61,-5.1989,-35.4608,84.2,18.41
kaeo,85,NZ,1612384745,76,-35.1,173.7833,70.0,7
huanren,0,CN,1612384746,86,41.2647,125.3667,-0.8,1.7
moose factory,1,CA,1612384746,92,51.2585,-80.6094,14.0,3.44
tura,100,RU,1612384806,85,64.2833,100.25,-21.6,2.26
selikhino,100,RU,1612384806,86,50.3672,137.4996,-22.58,6.78
cabo san lucas,20,MX,1612384806,22,22.8909,-109.9124,87.8,14.97
russell,98,NZ,1612384807,76,-35.2613,174.1236,70.0,7
huai mek,0,TH,1612384807,68,16.5898,103.2355,69.8,4.61
pangnirtung,20,CA,1612384807,64,66.1451,-65.7125,-13.0,5.75
harper,6,LR,1612384807,86,4.375,-7.7169,78.94,6.76
harer,0,ET,1612384808,36,9.3094,42.1258,54.01,6.4
teya,100,RU,1612384808,91,60.3778,92.6267,1.38,1.61
rio muerto,75,MX,1612384808,26,27.4167,-110.2333,82.4,5.75
srebrenica,0,BA,1612384808,61,44.1064,19.2969,44.6,6.91
fort nelson,75,CA,1612384809,70,58.8053,-122.7002,-9.4,2.3
hithadhoo,88,MV,1612384809,71,-0.6,73.0833,82.96,6.53
vardo,75,NO,1612384809,74,70.3705,31.1107,30.2,19.57
somerset east,1,ZA,1612384809,81,-32.7217,25.588,64.76,7.96
bahadurganj,0,IN,1612384810,51,26.2667,87.8167,59.2,5.39
cherskiy,100,RU,1612384810,84,68.75,161.3,10.47,6.96
antofagasta,40,CL,1612384810,68,-23.65,-70.4,73.99,17.27
daru,97,PG,1612384810,89,-9.0763,143.2092,77.45,13.4
syracuse,0,IT,1612384811,87,37.0881,15.2792,55.99,10.36
punta umbria,100,ES,1612384811,74,37.1821,-6.9661,60.01,5.01
chara,48,RU,1612384811,67,56.9064,118.2631,-28.28,0.65
hermagor,100,AT,1612384811,98,46.6272,13.3672,41.0,3.13
salalah,0,OM,1612384811,56,17.0151,54.0924,69.8,2.3
ramsgate,100,GB,1612384812,89,51.3358,1.4155,46.0,1.99
mar del plata,40,AR,1612384751,73,-38.0023,-57.5575,69.8,12.66
upernavik,17,GL,1612384812,70,72.7868,-56.1549,-14.62,5.48
voznesenye,85,RU,1612384812,97,61.0106,35.4781,14.95,2.57
yebaishou,0,CN,1612384813,83,41.3975,119.6408,8.51,4.5
saint-philippe,0,RE,1612384813,74,-21.3585,55.7679,80.6,4.61
longyearbyen,75,SJ,1612384813,68,78.2186,15.6401,23.0,13.8
kenosha,1,US,1612384813,51,42.5667,-88.0501,35.6,5.75
norman wells,75,CA,1612384814,67,65.282,-126.8329,-34.6,8.05
lima,20,PE,1612384689,64,-12.0432,-77.0282,75.2,9.22
laguna,100,BR,1612384710,86,-28.4825,-48.7808,79.21,17.65
klaksvik,20,FO,1612384814,74,62.2266,-6.589,32.0,4.61
plettenberg bay,16,ZA,1612384814,88,-34.0527,23.3716,66.67,4.43
clarence town,0,BS,1612384815,55,23.1,-74.9833,69.76,11.43
the valley,40,AI,1612384815,74,18.217,-63.0578,84.2,12.66
srednekolymsk,57,RU,1612384815,86,67.45,153.6833,-25.33,1.14
mehamn,75,NO,1612384815,69,71.0357,27.8492,30.2,25.32
dryden,90,CA,1612384816,74,49.7833,-92.7503,30.2,13.8
sistranda,20,NO,1612384816,67,63.7256,8.834,17.6,13.8
saint george,40,BM,1612384816,60,32.3817,-64.6781,68.0,29.93
qaanaaq,72,GL,1612384816,66,77.484,-69.3632,-21.08,4.05
sitka,90,US,1612384817,80,57.0531,-135.33,35.6,6.91
souillac,75,MU,1612384817,89,-20.5167,57.5167,78.8,11.5
ballina,100,IE,1612384817,100,54.1167,-9.1667,45.0,8.99
hofn,100,IS,1612384818,92,64.2539,-15.2082,32.11,14.23
cockburn town,40,TC,1612384818,56,21.4612,-71.1419,73.4,4.61
naryan-mar,86,RU,1612384878,94,67.6713,53.087,1.96,7.7
talnakh,100,RU,1612384879,86,69.4865,88.3972,-18.53,3.98
lebu,0,CL,1612384879,72,-37.6167,-73.65,63.14,12.95
xiangfan,76,CN,1612384879,46,32.0422,112.1448,44.98,5.32
balkhash,100,KZ,1612384644,94,46.844,74.9804,15.91,4.36
kruisfontein,6,ZA,1612384880,80,-34.0033,24.7314,71.01,1.01
florianopolis,40,BR,1612384880,70,-27.6146,-48.5012,86.0,11.5
praia da vitoria,40,PT,1612384880,76,38.7333,-27.0667,51.8,28.88
pizarro,83,CO,1612384881,80,4.9533,-77.366,82.27,8.03
noumea,66,NC,1612384881,99,-22.2763,166.4572,78.01,10.58
mayumba,100,GA,1612384881,86,-3.432,10.6554,80.11,6.22
kirakira,100,SB,1612384881,87,-10.4544,161.9205,79.47,17.22
vostochnyy,100,RU,1612384881,93,55.8167,37.8667,26.01,6.71
tahta,40,EG,1612384882,39,26.7693,31.5021,62.6,11.5
ayagoz,100,KZ,1612384882,98,47.9714,80.4392,24.31,12.15
ribeira grande,40,PT,1612384882,71,38.5167,-28.7,53.6,23.02
ancud,0,CL,1612384883,56,-41.8697,-73.8203,71.6,6.91
tessalit,0,ML,1612384883,18,20.1986,1.0114,71.65,13.18
mezen,74,RU,1612384883,93,65.8522,44.24,2.14,4.27
hambantota,20,LK,1612384883,83,6.1241,81.1185,77.0,11.5
saskylakh,66,RU,1612384884,79,71.9167,114.0833,-29.94,10.58
polewali,100,ID,1612384884,75,-3.4324,119.3435,77.18,2.98
tichilesti,75,RO,1612384884,93,45.1167,27.9,39.2,11.5
sao filipe,63,CV,1612384884,79,14.8961,-24.4956,72.12,9.91
hasaki,40,JP,1612384750,60,35.7333,140.8333,33.8,5.75
mahina,40,PF,1612384885,70,-17.5065,-149.489,84.2,3.44
farmington,20,US,1612384885,44,36.7281,-108.2187,59.0,4.61
bayburt,91,TR,1612384885,84,40.2589,40.2278,24.53,2.17
lompoc,20,US,1612384885,59,34.6391,-120.4579,60.8,14.97
inirida,90,CO,1612384885,70,3.8653,-67.9239,86.22,2.24
kangaatsiaq,40,GL,1612384886,87,68.3065,-53.4641,-3.95,11.7
isangel,20,VU,1612384886,74,-19.55,169.2667,82.4,5.75
pechenga,75,RU,1612384887,93,69.5259,31.1703,26.6,18.41
havelock,20,US,1612384887,29,34.8791,-76.9013,48.99,20.71
ostrovnoy,100,RU,1612384887,94,68.0531,39.5131,14.74,14.83
swan hill,99,AU,1612384662,29,-35.3378,143.5544,69.94,5.84
woodward,1,US,1612384887,29,36.4337,-99.3904,66.2,12.66
katsuura,40,JP,1612384888,65,35.1333,140.3,39.2,11.5
naliya,0,IN,1612384888,87,23.2667,68.8333,64.18,7.65
la ronge,100,CA,1612384888,78,55.1001,-105.2842,6.8,8.05
hami,13,CN,1612384888,84,42.8,93.45,23.97,1.54
prince rupert,90,CA,1612384889,93,54.3161,-130.3201,37.4,10.36
gavle,100,SE,1612384889,78,60.6745,17.1417,15.01,11.01
itarema,65,BR,1612384889,72,-2.9248,-39.9167,81.59,16.04
aykhal,100,RU,1612384890,83,66,111.5,-24.25,1.23
batagay-alyta,0,RU,1612384890,75,67.8006,130.4114,-39.37,1.86
corrente,88,BR,1612384890,66,-3.7367,-43.3394,82.4,3.38
hokitika,0,NZ,1612384891,62,-42.7167,170.9667,67.14,3.94
qaqortoq,75,GL,1612384891,53,60.7167,-46.0333,15.8,6.91
wana,29,PK,1612384772,63,32.2989,69.5725,43.21,1.57
luderitz,0,NA,1612384951,75,-26.6481,15.1594,66.58,13.06
castro,0,CL,1612384951,56,-42.4721,-73.7732,71.6,6.91
wuchang,28,CN,1612384952,86,44.9143,127.15,-20.22,8.99
mao,18,TD,1612384952,17,14.1212,15.3103,72.88,11.61
ilulissat,20,GL,1612384952,49,69.2167,-51.1,-7.6,4.61
tarko-sale,98,RU,1612384953,94,64.9225,77.785,2.82,6.04
limoges,0,FR,1612384953,87,45.75,1.3333,46.99,9.22
toropets,99,RU,1612384953,97,56.4978,31.6353,23.81,6.85
samarai,94,PG,1612384953,77,-10.6167,150.6667,81.48,8.1
sao felix do xingu,81,BR,1612384954,77,-6.6447,-51.995,82.9,2.15
sabha,0,LY,1612384954,44,27.0377,14.4283,54.34,7.34
bubaque,31,GW,1612384884,65,11.2833,-15.8333,78.49,14.79
saskatoon,1,CA,1612384954,71,52.1168,-106.6345,1.4,23.02
beyneu,55,KZ,1612384870,74,45.3167,55.2,41.95,8.63
kutum,36,SD,1612384955,23,14.2,24.6667,66.7,14.43
mayo,90,CA,1612384955,71,63.5927,-135.8998,-7.6,8.05
kasangulu,20,CD,1612384955,74,-4.5911,15.1708,82.4,6.91
mishkino,78,RU,1612384955,94,55.3389,63.9175,7.99,4.54
maldonado,75,UY,1612384955,88,-34.6667,-54.9167,71.6,11.5
vanderhoof,98,CA,1612384956,92,54.0166,-124.0198,7.88,3.06
ambon,68,ID,1612384956,79,-3.6954,128.1814,81.55,12.97
bengkulu,100,ID,1612384853,85,-3.8004,102.2655,75.27,5.46
alyangula,90,AU,1612384956,100,-13.8483,136.4192,80.6,7.74
atbasar,100,KZ,1612384957,98,51.8,68.3333,26.1,11.23
padang,40,ID,1612384957,94,-0.9492,100.3543,75.2,2.3
nalut,1,LY,1612384957,46,30.3333,10.85,56.01,5.28
schrobenhausen,40,DE,1612384822,76,48.55,11.2667,48.2,18.41
bartica,75,GY,1612384809,89,6.4,-58.6167,80.6,6.91
cap malheureux,6,MU,1612384958,80,-19.9842,57.6142,79.0,1.99
zhangjiakou,0,CN,1612384958,75,40.81,114.8794,17.28,4.12
te anau,66,NZ,1612384958,69,-45.4167,167.7167,52.02,1.77
port hardy,90,CA,1612384958,100,50.6996,-127.4199,41.0,4.61
taoudenni,63,ML,1612384959,19,22.6783,-3.9836,73.8,9.86
sinnamary,100,GF,1612384959,83,5.3833,-52.95,78.73,16.96
provideniya,100,RU,1612384959,84,64.3833,-173.3,-5.76,14.9
xuddur,46,SO,1612384959,25,4.1213,43.8894,70.93,14.43
shilovo,100,RU,1612384960,99,54.3204,40.874,28.53,9.01
balkanabat,100,TM,1612384960,47,39.5108,54.3671,50.11,2.08
quatre cocos,75,MU,1612384960,89,-20.2078,57.7625,79.0,11.5
manokwari,100,ID,1612384960,79,-0.8667,134.0833,78.44,5.19
dimitrovgrad,90,RU,1612384848,100,54.2139,49.6184,14.0,4.81
clyde river,75,CA,1612384961,76,70.4692,-68.5914,-20.2,1.14
chertkovo,100,RU,1612384961,97,49.3847,40.1547,40.59,6.89
san juan,40,US,1612384961,41,26.1892,-98.1553,82.0,17.27
pevek,0,RU,1612384961,72,69.7008,170.3133,-8.46,9.37
garissa,30,KE,1612384702,65,-0.4536,39.6401,79.14,13.96
bom jesus,71,BR,1612384962,53,-9.0744,-44.3586,85.46,3.22
sulangan,99,PH,1612384962,79,11.1373,123.7228,80.62,21.36
zemio,97,CF,1612384962,24,5.0314,25.1361,84.13,1.95
zhigansk,97,RU,1612384963,80,66.7697,123.3711,-37.82,11.25
labuan,20,MY,1612385023,89,5.2767,115.2417,78.8,3.44
cabra,0,PH,1612385023,75,13.8883,120.0494,79.83,29.84
dunedin,89,NZ,1612385023,67,-45.8742,170.5036,53.01,15.99
constitucion,40,MX,1612385024,15,23.9912,-104.6749,78.8,4.61
esperance,75,AU,1612385024,58,-33.8667,121.9,57.2,13.8
loanda,48,BR,1612385024,80,-22.9231,-53.1372,82.87,5.77
shakawe,100,BW,1612385024,91,-18.3667,21.85,69.62,2.06
sabang,93,ID,1612385025,78,5.8933,95.3214,81.5,20.36
akyab,0,MM,1612385022,70,20.15,92.9,61.52,6.06
udachnyy,100,RU,1612385025,84,66.4167,112.4,-24.18,2.71
victoria,40,SC,1612385025,94,-4.6167,55.45,77.0,3.44
nanortalik,0,GL,1612384924,79,60.1432,-45.2371,16.72,15.01
araouane,0,ML,1612385026,19,18.9048,-3.5265,72.75,5.66
namibe,91,AO,1612385026,70,-15.1961,12.1522,73.04,6.87
tazovskiy,100,RU,1612385026,91,67.4667,78.7,-8.05,6.67
fortuna,20,US,1612385026,66,40.5982,-124.1573,51.01,11.5
erenhot,0,CN,1612385026,85,43.6475,111.9767,14.38,15.19
alepe,0,CI,1612385027,94,5.5004,-3.6631,82.4,5.75
vostok,100,RU,1612385027,87,46.4856,135.8833,-24.02,5.08
ornskoldsvik,3,SE,1612385028,85,63.2909,18.7153,14.0,9.22
ahipara,100,NZ,1612385028,57,-35.1667,173.1667,69.33,1.61
werota,51,ET,1612385028,25,11.9167,37.7,67.35,2.44
marrakesh,32,MA,1612384936,72,31.6315,-8.0083,62.6,5.75
coxim,88,BR,1612385028,49,-18.5067,-54.76,93.58,3.31
richards bay,100,ZA,1612384941,94,-28.783,32.0377,75.02,3.78
georgetown,1,US,1612384770,46,30.6327,-97.6772,73.99,18.41
sabrum,0,IN,1612385029,70,23,91.7319,54.43,2.35
cerkezkoy,20,TR,1612385029,100,41.285,28.0003,44.6,5.68
tutoia,0,BR,1612385029,70,-2.7619,-42.2744,86.0,16.11
margate,100,ZA,1612385030,84,-30.8636,30.3705,75.42,9.51
villefranche-sur-saone,33,FR,1612385008,79,45.9833,4.7167,46.99,4.85
ambam,100,CM,1612385031,94,2.3833,11.2833,71.33,3.65
wewak,100,PG,1612385031,88,-3.5534,143.6268,77.16,9.15
bambous virieux,75,MU,1612385031,89,-20.3428,57.7575,79.0,11.5
mujiayingzi,0,CN,1612385031,85,42.1167,118.7833,9.66,9.48
elat,0,IL,1612385031,78,29.5581,34.9482,71.6,6.91
katherine,90,AU,1612385032,89,-14.4667,132.2667,80.6,5.75
teknaf,0,BD,1612385032,66,20.8624,92.3058,60.37,6.46
narsaq,75,GL,1612385032,53,60.9167,-46.05,15.8,6.91
wawa,40,CA,1612384793,55,47.9834,-84.7832,30.2,5.75
puquio,99,PE,1612385033,58,-14.7,-74.1333,58.51,10
dakar,0,SN,1612385026,83,14.6937,-17.4441,68.0,6.91
bantry,90,IE,1612385033,93,51.6833,-9.45,44.6,20.71
necochea,0,AR,1612385033,62,-38.5473,-58.7368,69.66,13.58
concarneau,0,FR,1612385034,93,47.875,-3.9225,46.4,4.61
ust-maya,51,RU,1612385034,76,60.4167,134.5333,-50.94,1.68
wanning,42,CN,1612385034,88,18.8003,110.3967,67.6,8.79
pisco,0,PE,1612385034,69,-13.7,-76.2167,77.0,5.75
rameshki,94,RU,1612385034,98,57.3439,36.0453,20.03,4.97
ambikapur,0,IN,1612385035,38,23.1167,83.2,55.56,3.65
isla vista,1,US,1612385094,55,34.4133,-119.861,69.01,6.91
fuchu,1,JP,1612385095,80,35.6667,139.4833,39.0,0.89
teguise,20,ES,1612385095,77,29.0605,-13.564,62.6,3.44
humberto de campos,29,BR,1612385095,73,-2.5983,-43.4611,81.27,6.76
grindavik,90,IS,1612384984,69,63.8424,-22.4338,35.6,23.02
vanimo,100,PG,1612385096,87,-2.6741,141.3028,76.8,6.53
baykit,98,RU,1612385096,86,61.67,96.37,-9.15,1.74
paamiut,0,GL,1612385096,75,61.994,-49.6678,8.73,7.49
yerbogachen,100,RU,1612385097,89,61.2767,108.0108,-14.55,2.84
kashan,0,IR,1612385097,47,33.9831,51.4364,49.91,5.35
novyy urengoy,96,RU,1612385097,93,66.0833,76.6333,0.36,4.5
calabozo,19,VE,1612385097,27,8.9242,-67.4293,97.25,5.55
praia,0,CV,1612385097,78,14.9215,-23.5087,71.6,17.27
hamilton,40,BM,1612385098,60,32.2915,-64.778,68.0,29.93
hualmay,31,PE,1612385098,66,-11.0964,-77.6139,74.55,8.05
salina cruz,4,MX,1612385098,31,16.1667,-95.2,86.92,20.85
kaberamaido,48,UG,1612385098,35,1.7389,33.1594,77.49,3.47
vasto,2,IT,1612385099,73,42.1243,14.7059,53.01,1.99
thompson,90,CA,1612384930,78,55.7435,-97.8558,3.2,13.8
vao,97,NC,1612384838,87,-22.6667,167.4833,78.17,24.07
northam,0,AU,1612385099,51,-31.6667,116.6667,60.8,17.27
sibolga,100,ID,1612385100,84,1.7427,98.7792,75.94,3.31
yar-sale,90,RU,1612385100,91,66.8333,70.8333,-4.49,9.06
sovetskiy,2,RU,1612385100,93,61.3614,63.5842,5.79,6.69
petropavlovsk-kamchatskiy,100,RU,1612385066,67,53.0452,158.6483,17.6,8.95
puerto del rosario,0,ES,1612385101,72,28.5004,-13.8627,64.4,11.5
dzhebariki-khaya,57,RU,1612385101,68,62.2167,135.8,-53.54,0.07
chuy,100,UY,1612385101,96,-33.6971,-53.4616,70.48,18.52
iskateley,86,RU,1612385101,94,67.6803,53.1512,1.98,6.78
kattivakkam,20,IN,1612385102,83,13.2167,80.3167,71.6,8.5
pop,0,UZ,1612385102,52,40.8736,71.1089,37.4,4.61
puerto penasco,28,MX,1612384980,85,31.3167,-113.5333,64.0,5.99
ziway,0,ET,1612384873,30,7.9333,38.7167,63.64,13.94
kavaratti,66,IN,1612385104,62,10.5669,72.642,81.09,3.06
korla,0,CN,1612385105,84,41.7597,86.1469,25.16,2.71
bandarbeyla,0,SO,1612385105,71,9.4942,50.8122,72.7,17.92
emerald,90,AU,1612385105,78,-23.5333,148.1667,75.2,5.75
sal rei,75,CV,1612385106,78,16.1833,-22.9167,69.8,17.27
huasahuasi,97,PE,1612385106,80,-11.3167,-75.6167,49.37,8.48
xuanhua,0,CN,1612384993,71,40.6103,115.0447,20.32,4.21
burnie,27,AU,1612385106,87,-41.0667,145.9167,60.01,4.43
grand-lahou,0,CI,1612385107,86,5.1367,-5.0242,79.84,8.81
cayenne,90,GF,1612385107,78,4.9333,-52.3333,82.4,11.5
vila velha,20,BR,1612384978,65,-20.3297,-40.2925,84.2,17.27
lavrentiya,0,RU,1612385107,85,65.5833,-171,-11.31,15.7
bambanglipuro,99,ID,1612385108,86,-7.95,110.2833,76.1,4.18
tautira,40,PF,1612385108,70,-17.7333,-149.15,84.2,3.44
unguia,8,CO,1612385108,64,8.0434,-77.0945,84.6,9.06
matay,0,EG,1612385108,52,28.419,30.7792,57.13,10.76
santa marta,2,CO,1612385109,62,11.2408,-74.199,88.0,7
nemuro,8,JP,1612385169,86,43.3236,145.575,14.68,20.45
sioux lookout,90,CA,1612385169,69,50.1001,-91.917,30.2,13.8
agadez,0,NE,1612385170,26,19.75,10.25,65.48,9.6
menongue,100,AO,1612385170,79,-14.6585,17.691,66.54,5.48
quzhou,92,CN,1612385170,84,28.9594,118.8686,50.58,4.47
hargeysa,0,SO,1612385170,55,9.56,44.065,57.97,11.05
kahului,40,US,1612385062,61,20.8947,-156.47,77.0,28.77
ust-kuyga,100,RU,1612385171,78,70.0167,135.6,-34.11,4.34
opatija,75,HR,1612385171,88,45.3392,14.3083,55.4,12.66
esmeraldas,40,EC,1612385171,62,-1.8675,-79.7994,88.0,5.75
belyy yar,0,RU,1612385171,59,53.6039,91.3903,32.0,13.42
san cristobal,75,EC,1612385172,83,-0.9045,-89.6174,82.4,13.8
ouadda,0,CF,1612385172,29,8.0777,22.4007,78.03,3.69
veraval,0,IN,1612385172,51,20.9,70.3667,69.22,9.22
katangli,0,RU,1612385172,83,51.7102,143.2326,-25.19,11.83
liaocheng,0,CN,1612385172,71,36.4439,115.9647,31.26,4.25
acapulco,20,MX,1612384885,74,16.8634,-99.8901,84.2,6.91
george,75,ZA,1612385173,94,-33.963,22.4617,64.4,3.44
vigrestad,0,NO,1612385174,73,58.5667,5.7,19.0,1.14
sudak,16,UA,1612385174,84,44.85,34.9667,50.0,6.93
teguldet,86,RU,1612385174,95,57.3064,88.1667,9.05,6.4
husavik,0,IS,1612385174,79,66.0449,-17.3389,15.8,9.22
tairua,58,NZ,1612385175,81,-37.0167,175.85,70.0,8.99
tuatapere,36,NZ,1612385175,68,-46.1333,167.6833,53.22,6.93
bushehr,0,IR,1612385175,72,28.9684,50.8385,60.8,5.26
waterfoot,67,GB,1612385175,98,53.6929,-2.2525,39.0,3.06
alice springs,45,AU,1612385176,24,-23.7,133.8833,69.8,8.9
male,75,MV,1612385083,83,4.1748,73.5089,82.4,18.41
geraldton,40,AU,1612385176,68,-28.7667,114.6,69.8,23.02
beloha,0,MG,1612385176,67,-25.1667,45.05,78.15,11.95
blagoyevo,100,RU,1612385177,93,63.3667,47.9167,2.66,3.02
dickinson,75,US,1612385177,59,29.4608,-95.0513,66.99,14.97
cidreira,100,BR,1612385177,91,-30.1811,-50.2056,76.69,7.94
pemangkat,82,ID,1612385178,87,1.1667,108.9667,76.32,7.25
linqiong,93,CN,1612385178,87,30.4159,103.4609,50.0,4
quibdo,90,CO,1612385178,69,5.6947,-76.6611,86.72,3.36
tirumullaivasal,37,IN,1612385178,73,11.2333,79.8333,74.52,11.05
mayfield,1,US,1612385178,52,36.7417,-88.6367,44.01,3.44
narasannapeta,0,IN,1612385179,68,18.4167,84.05,65.61,6.04
bathsheba,40,BB,1612385179,61,13.2167,-59.5167,82.4,24.16
lityn,91,UA,1612385179,90,49.3251,28.0809,34.16,8.79
adrar,83,DZ,1612385179,22,25.75,-1,70.61,11.05
eyl,72,SO,1612385179,70,7.9803,49.8164,70.83,15.57
borshchiv,97,UA,1612385180,86,48.8033,26.0435,39.99,6.33
kaitangata,61,NZ,1612385180,61,-46.2817,169.8464,55.0,11.01
sorong,76,ID,1612384987,78,-0.8833,131.25,81.36,11.45
elverum,0,NO,1612385001,86,60.8819,11.5623,10.0,5.14
blackwater,20,AU,1612385180,81,-23.5833,148.8833,71.96,10.71
labytnangi,87,RU,1612385181,92,66.6572,66.4183,-2.7,2.33
jalu,0,LY,1612385181,75,29.0331,21.5482,57.18,11.54
tabasco,40,MX,1612385241,53,18,-92.6667,75.2,10.36
tamuin,49,MX,1612385168,52,21.9833,-98.75,78.24,7.96
portland,95,AU,1612385241,72,-38.3333,141.6,60.73,8.21
khalkhal,93,IR,1612385242,78,37.6189,48.5258,33.37,3.62
madera,86,MX,1612385169,25,29.2,-108.1167,66.18,14.09
byron bay,47,AU,1612385242,94,-28.65,153.6167,64.4,5.53
basoko,38,CD,1612385242,61,1.2391,23.616,79.75,4.36
kidal,0,ML,1612385243,17,18.4411,1.4078,71.17,11.21
wukari,0,NG,1612385243,15,7.85,9.7833,80.29,4.85
naze,0,JP,1612385243,68,28.3667,129.4833,51.44,5.17
ternate,85,ID,1612385243,82,0.8,127.4,79.43,6.02
mandalgovi,0,MN,1612385244,77,45.7625,106.2708,11.12,17.18
zhangye,3,CN,1612385102,65,38.9342,100.4517,23.43,4.36
jaisalmer,0,IN,1612385244,30,26.9147,70.9181,61.16,10.11
high rock,0,BS,1612385244,44,26.6208,-78.2833,60.8,13.8
dzhankoy,99,UA,1612385244,92,45.7167,34.4,48.61,6.17
cuiluan,5,CN,1612385245,84,47.72,128.648,-23.35,3.69
tiarei,40,PF,1612385163,70,-17.5333,-149.3333,84.2,3.44
itoman,20,JP,1612385209,72,26.1247,127.6694,59.0,8.05
resistencia,90,AR,1612385045,83,-27.4606,-58.9839,75.0,17.27
seminole,1,US,1612385245,26,28.7086,-81.2081,60.01,12.66
lamar,1,US,1612385246,55,33.6668,-95.5836,64.99,13.8
qasigiannguit,20,GL,1612385246,49,68.8193,-51.1922,-7.6,4.61
odweyne,0,SO,1612385246,23,9.4092,45.064,63.73,14.76
zhucheng,0,CN,1612385246,87,35.9947,119.3975,27.97,1.32
mizan teferi,0,ET,1612385246,50,6.9833,35.5833,67.55,2.15
iracoubo,100,GF,1612385247,83,5.4802,-53.2011,78.69,17.18
ponta delgada,40,PT,1612385247,66,37.7333,-25.6667,53.6,9.22
san quintin,44,MX,1612385168,71,30.4833,-115.95,64.33,15.68
kavieng,100,PG,1612385247,71,-2.5744,150.7967,82.76,6.15
christiana,94,ZA,1612385248,93,-27.914,25.1611,62.94,9.64
syasstroy,100,RU,1612385248,98,60.1367,32.5691,21.43,3.47
otane,76,NZ,1612385248,71,-39.8833,176.6333,63.0,8.43
dalbandin,0,PK,1612385248,51,28.8947,64.4101,44.87,2.71
olinda,40,BR,1612385249,61,-8.0089,-34.8553,82.4,8.05
navolato,75,MX,1612385249,44,24.7672,-107.6944,84.99,8.05
rio grande,20,BR,1612385088,83,-32.035,-52.0986,80.6,6.91
tual,100,ID,1612385249,75,-5.6667,132.75,84.02,17.29
lorengau,72,PG,1612385249,71,-2.0226,147.2712,81.16,1.39
kharod,0,IN,1612385250,33,21.75,82.5667,59.32,3.96
mableton,1,US,1612385250,31,33.8157,-84.5619,48.99,12.66
dekar,100,BW,1612385250,87,-21.5333,21.9333,68.27,5.91
birjand,0,IR,1612385251,27,32.8663,59.2211,30.2,6.91
wladyslawowo,75,PL,1612385251,86,54.7909,18.4009,32.0,13.8
dullewala,0,PK,1612385252,52,31.8359,71.4362,54.82,7.34
bentonville,1,US,1612385196,33,36.3728,-94.2088,60.8,12.66
snasa,0,NO,1612385253,62,64.2457,12.3778,17.6,20.71
morondava,81,MG,1612385254,83,-20.2833,44.2833,84.11,5.91
canton,1,US,1612385254,38,42.3087,-83.4822,39.2,9.22
sumbe,5,AO,1612385254,81,-11.2061,13.8437,77.23,6.91
sao joao da barra,0,BR,1612385039,58,-21.6403,-41.0511,84.2,23.02
mantua,17,CU,1612385315,49,22.2889,-84.2844,73.22,9.66
hudson bay,100,CA,1612385315,92,52.85,-102.3842,13.39,9.69
safaga,40,EG,1612385315,94,26.7292,33.9365,73.4,13.02
iquique,0,CL,1612385316,60,-20.2208,-70.1431,73.4,19.57
fergus falls,90,US,1612385196,86,46.283,-96.0776,24.8,18.41
pangody,99,RU,1612385316,95,65.85,74.4859,5.77,6.04
port-gentil,40,GA,1612385316,83,-0.7193,8.7815,82.4,8.05
sabinas hidalgo,0,MX,1612385316,35,26.5,-100.1667,79.7,7.81
lisakovsk,100,KZ,1612385063,98,52.5369,62.4936,25.77,8.68
upata,70,VE,1612385317,81,8.0086,-62.3989,81.0,1.01
port blair,100,IN,1612385188,76,11.6667,92.75,76.01,9.57
camargo,100,BO,1612385317,53,-20.65,-65.2167,70.27,8.72
san-pedro,12,CI,1612385318,85,4.7485,-6.6363,79.29,7.16
hobyo,2,SO,1612385318,81,5.3505,48.5268,76.03,16.49
mugumu,94,TZ,1612385282,66,-1.85,34.7,67.06,4.27
gaoua,0,BF,1612385318,16,10.2992,-3.2508,79.36,1.43
takoradi,40,GH,1612385319,82,4.8845,-1.7554,80.71,10.65
brodokalmak,40,RU,1612385319,92,55.5748,62.082,3.2,2.24
mohpa,0,IN,1612385319,51,21.3167,78.8167,60.8,2.3
saint augustine,1,US,1612385270,46,29.8947,-81.3145,57.0,5.75
kisanga,61,TZ,1612385320,81,-7.4362,37.7034,75.74,4.99
osa,89,RU,1612385320,93,57.2829,55.4567,5.11,3.09
svetlogorsk,0,RU,1612385320,74,54.9399,20.1548,30.2,11.18
burlington,90,US,1612385208,60,39.8835,-74.6413,37.4,13.8
hindupur,54,IN,1612385321,61,13.8289,77.4933,66.49,7.25
xai-xai,100,MZ,1612385115,93,-25.0519,33.6442,73.17,4.65
jutai,99,BR,1612385322,91,-5.1833,-68.9,79.59,1.7
arlit,0,NE,1612385322,23,18.7369,7.3853,67.93,8.1
general pico,92,AR,1612385323,28,-35.6566,-63.7568,80.82,2.8
kapuskasing,34,CA,1612385323,54,49.4169,-82.4331,23.0,3.44
saint-joseph,0,RE,1612385323,73,-21.3667,55.6167,78.8,2.3
praya,75,ID,1612385323,94,-8.7054,116.2704,73.4,10.36
hue,40,VN,1612385324,94,16.4667,107.6,66.2,2.3
iqaluit,90,CA,1612385324,71,63.7506,-68.5145,-5.8,2.3
poum,60,NC,1612385324,81,-20.2333,164.0167,79.2,21.52
kontagora,0,NG,1612385324,16,10.3999,5.4695,80.92,7.11
rocha,100,UY,1612385325,93,-34.4833,-54.3333,67.82,8.34
beringovskiy,90,RU,1612385325,94,63.05,179.3167,4.71,13.31
obo,7,CF,1612385325,26,5.3998,26.4869,79.45,4.45
santa vitoria do palmar,100,BR,1612385325,96,-33.5189,-53.3681,71.94,14.16
yenagoa,0,NG,1612385325,82,4.9247,6.2642,80.06,6.89
marawi,0,SD,1612385326,20,18.4833,31.8167,73.83,17.94
malatya,75,TR,1612385326,81,38.5,38,42.8,4.61
augusto correa,0,BR,1612385326,77,-1.0217,-46.635,81.18,7
meulaboh,89,ID,1612385326,88,4.1363,96.1285,76.87,4.27
yermakovskoye,100,RU,1612385327,96,53.2831,92.4003,30.4,7.67
hervey bay,11,AU,1612385327,84,-25.2986,152.8535,72.0,3
bogorodskoye,100,RU,1612385327,98,56.55,37.8833,23.7,7.94
nome,20,US,1612385170,65,64.5011,-165.4064,-0.4,9.22
evensk,100,RU,1612385203,91,61.95,159.2333,11.41,41.99
palmerston north,35,NZ,1612385118,71,-40.35,175.6167,64.0,4
indianola,75,US,1612385389,70,41.3581,-93.5574,39.0,16.11
bhatkal,83,IN,1612385389,70,13.9667,74.5667,75.76,3.98
lagoa,59,PT,1612385390,65,39.05,-27.9833,54.37,30.04
aragarcas,75,BR,1612385390,69,-15.8975,-52.2508,82.4,4.03
elbistan,100,TR,1612385390,90,38.2059,37.1983,34.86,1.16
playas,12,EC,1612385390,79,-2.6333,-80.3833,79.52,15.75
vestmannaeyjar,100,IS,1612385391,74,63.4427,-20.2734,39.04,34.18
sadovo,90,BG,1612385391,100,42.1333,24.9333,48.99,3.44
belle fourche,90,US,1612385391,80,44.6714,-103.8522,36.0,16.11
dingle,90,IE,1612385391,93,52.1408,-10.2689,44.6,20.71
banda aceh,74,ID,1612385391,82,5.5577,95.3222,77.47,13.24
goshogawara,100,JP,1612385392,38,40.8044,140.4414,27.0,11.01
fairbanks,90,US,1612385356,58,64.8378,-147.7164,-9.4,4.61
oussouye,0,SN,1612385392,65,12.485,-16.5469,80.6,4.61
vikulovo,27,RU,1612385392,95,56.8167,70.6107,5.05,8.01
abnub,0,EG,1612385392,63,27.2696,31.1511,59.0,10.36
lucapa,100,AO,1612385393,94,-8.4192,20.7447,64.99,1.74
kyren,95,RU,1612385393,83,51.6828,102.1408,17.46,6.91
flinders,8,AU,1612385393,80,-34.5833,150.8552,71.01,1.99
kieta,90,PG,1612385393,81,-6.2167,155.6333,80.98,9.15
yurty,100,RU,1612385394,94,56.0498,97.6348,20.25,14
poronaysk,10,RU,1612385394,81,49.2167,143.1167,-28.79,2.68
durban,20,ZA,1612385105,88,-29.8579,31.0292,75.2,6.91
pokhvistnevo,98,RU,1612385395,98,53.6524,52.1274,25.88,3.6
roald,0,NO,1612385395,68,62.5833,6.1333,23.0,11.5
setermoen,75,NO,1612385395,85,68.861,18.3486,1.4,1.03
sola,100,VU,1612385395,80,-13.8833,167.55,81.45,12.97
camacha,40,PT,1612385396,72,33.0833,-16.3333,59.0,10.36
tynda,0,RU,1612385396,78,55.1667,124.7167,-37.98,3.33
umm kaddadah,0,SD,1612385396,16,13.6017,26.6876,81.45,17.22
kenai,90,US,1612385396,85,60.5544,-151.2583,15.01,3.44
zhuhai,0,CN,1612385397,82,22.2769,113.5678,64.4,5.75
dudinka,100,RU,1612385397,88,69.4058,86.1778,-15.7,7.83
ayorou,0,NE,1612385397,14,14.7308,0.9174,76.28,9.75
bilma,0,NE,1612385397,26,18.6853,12.9164,66.52,14.56
esparta,40,HN,1612385397,69,15.7437,-87.1766,77.0,16.11
leh,98,IN,1612385398,63,34.1667,77.5833,6.28,4.81
verkhnedneprovskiy,95,RU,1612385398,98,54.9813,33.3457,24.42,6.33
skibbereen,75,IE,1612385398,87,51.55,-9.2667,44.6,20.71
chester,20,GB,1612385398,87,53.1905,-2.8919,44.6,3.44
seoul,0,KR,1612385186,49,37.5683,126.9778,24.8,11.5
alta floresta,40,BR,1612385219,62,-9.8756,-56.0861,87.8,2.3
ocampo,87,MX,1612385399,20,21.65,-101.5,73.06,4.05
pokhara,0,NP,1612385399,38,28.2333,83.9833,53.26,5.53
puno,77,PE,1612385399,72,-15.8333,-70.0333,49.51,5.68
